<?xml version="1.0" encoding="utf-8" ?>
<suite name="testproj" parallel="false">
    <listeners>
        <listener class-name="org.uncommons.reportng.HTMLReporter" />
        <listener class-name="org.uncommons.reportng.JUnitXMLReporter" />
    </listeners>
    <test name="testDemo11">
        <classes>
            <class name="com.testproj.Demo.TestDemo"></class>
        </classes>
    </test>
    <test name="testDemo12">
        <classes>
            <class name="com.testproj.Demo.TestDemo2"></class>
        </classes>
    </test>
</suite>